{
  "pokeapi.co/api/v2/berry-firmness/very-soft" : {
    "transaction" : "pokeapi.co/api/v2/berry-firmness/very-soft",
    "sampleCount" : 1578,
    "errorCount" : 73,
    "errorPct" : 4.626109,
    "meanResTime" : 37.769328263624814,
    "medianResTime" : 24.0,
    "minResTime" : 0.0,
    "maxResTime" : 19200.0,
    "pct1ResTime" : 35.0,
    "pct2ResTime" : 47.0,
    "pct3ResTime" : 61.0,
    "throughput" : 5.265159856659526,
    "receivedKBytesPerSec" : 11.41440226004818,
    "sentKBytesPerSec" : 0.8728931957485001
  },
  "pokeapi.co/api/v2/berry-flavor/sweet" : {
    "transaction" : "pokeapi.co/api/v2/berry-flavor/sweet",
    "sampleCount" : 1576,
    "errorCount" : 72,
    "errorPct" : 4.5685277,
    "meanResTime" : 25.866116751269015,
    "medianResTime" : 24.0,
    "minResTime" : 0.0,
    "maxResTime" : 322.0,
    "pct1ResTime" : 34.0,
    "pct2ResTime" : 45.149999999999864,
    "pct3ResTime" : 63.0,
    "throughput" : 5.259574695305095,
    "receivedKBytesPerSec" : 20.689043185413357,
    "sentKBytesPerSec" : 0.8430837927674173
  },
  "pokeapi.co/api/v2/berry/razz" : {
    "transaction" : "pokeapi.co/api/v2/berry/razz",
    "sampleCount" : 1577,
    "errorCount" : 72,
    "errorPct" : 4.565631,
    "meanResTime" : 242.49524413443234,
    "medianResTime" : 24.0,
    "minResTime" : 0.0,
    "maxResTime" : 22775.0,
    "pct1ResTime" : 48.0,
    "pct2ResTime" : 77.0,
    "pct3ResTime" : 19185.0,
    "throughput" : 5.257455284959411,
    "receivedKBytesPerSec" : 10.04912130048674,
    "sentKBytesPerSec" : 0.8035710564918072
  },
  "pokeapi.co/api/v2/berry/pinap" : {
    "transaction" : "pokeapi.co/api/v2/berry/pinap",
    "sampleCount" : 1578,
    "errorCount" : 72,
    "errorPct" : 4.5627375,
    "meanResTime" : 229.6381495564006,
    "medianResTime" : 24.0,
    "minResTime" : 0.0,
    "maxResTime" : 19232.0,
    "pct1ResTime" : 48.0,
    "pct2ResTime" : 76.0,
    "pct3ResTime" : 19175.52,
    "throughput" : 5.262227676383002,
    "receivedKBytesPerSec" : 9.974707652281133,
    "sentKBytesPerSec" : 0.8092292924838181
  },
  "pokeapi.co/api/v2/berry/iapapa" : {
    "transaction" : "pokeapi.co/api/v2/berry/iapapa",
    "sampleCount" : 1578,
    "errorCount" : 72,
    "errorPct" : 4.5627375,
    "meanResTime" : 230.54119138149562,
    "medianResTime" : 24.0,
    "minResTime" : 0.0,
    "maxResTime" : 24785.0,
    "pct1ResTime" : 48.100000000000136,
    "pct2ResTime" : 72.0,
    "pct3ResTime" : 19174.99,
    "throughput" : 5.259579233661307,
    "receivedKBytesPerSec" : 9.957510690811402,
    "sentKBytesPerSec" : 0.8137239645828334
  },
  "Total" : {
    "transaction" : "Total",
    "sampleCount" : 14195,
    "errorCount" : 650,
    "errorPct" : 4.5790772,
    "meanResTime" : 96.45868263473083,
    "medianResTime" : 24.0,
    "minResTime" : 0.0,
    "maxResTime" : 24785.0,
    "pct1ResTime" : 37.0,
    "pct2ResTime" : 50.0,
    "pct3ResTime" : 101.03999999999905,
    "throughput" : 47.31256624425883,
    "receivedKBytesPerSec" : 129.74479711758315,
    "sentKBytesPerSec" : 7.538978783297114
  },
  "pokeapi.co/api/v2/berry-firmness/hard" : {
    "transaction" : "pokeapi.co/api/v2/berry-firmness/hard",
    "sampleCount" : 1577,
    "errorCount" : 72,
    "errorPct" : 4.565631,
    "meanResTime" : 25.621433100824365,
    "medianResTime" : 24.0,
    "minResTime" : 0.0,
    "maxResTime" : 249.0,
    "pct1ResTime" : 35.0,
    "pct2ResTime" : 45.0,
    "pct3ResTime" : 58.0,
    "throughput" : 5.260313817580189,
    "receivedKBytesPerSec" : 13.343962100181127,
    "sentKBytesPerSec" : 0.8481303547542964
  },
  "pokeapi.co/api/v2/berry-flavor/spicy" : {
    "transaction" : "pokeapi.co/api/v2/berry-flavor/spicy",
    "sampleCount" : 1577,
    "errorCount" : 72,
    "errorPct" : 4.565631,
    "meanResTime" : 25.41407736207991,
    "medianResTime" : 24.0,
    "minResTime" : 0.0,
    "maxResTime" : 324.0,
    "pct1ResTime" : 33.0,
    "pct2ResTime" : 41.0,
    "pct3ResTime" : 56.22000000000003,
    "throughput" : 5.260366457741945,
    "receivedKBytesPerSec" : 20.691125023558236,
    "sentKBytesPerSec" : 0.8432363053681089
  },
  "pokeapi.co/api/v2/berry-firmness/super-hard" : {
    "transaction" : "pokeapi.co/api/v2/berry-firmness/super-hard",
    "sampleCount" : 1576,
    "errorCount" : 72,
    "errorPct" : 4.5685277,
    "meanResTime" : 25.255710659898444,
    "medianResTime" : 24.0,
    "minResTime" : 0.0,
    "maxResTime" : 337.0,
    "pct1ResTime" : 33.0,
    "pct2ResTime" : 43.149999999999864,
    "pct3ResTime" : 55.23000000000002,
    "throughput" : 5.259171013157938,
    "receivedKBytesPerSec" : 12.61536373082455,
    "sentKBytesPerSec" : 0.8773280007474965
  },
  "pokeapi.co/api/v2/berry-flavor/dry" : {
    "transaction" : "pokeapi.co/api/v2/berry-flavor/dry",
    "sampleCount" : 1578,
    "errorCount" : 73,
    "errorPct" : 4.626109,
    "meanResTime" : 25.349809885931542,
    "medianResTime" : 24.0,
    "minResTime" : 0.0,
    "maxResTime" : 324.0,
    "pct1ResTime" : 34.0,
    "pct2ResTime" : 42.0,
    "pct3ResTime" : 54.0,
    "throughput" : 5.265353108994144,
    "receivedKBytesPerSec" : 21.120756623400457,
    "sentKBytesPerSec" : 0.8336926396002603
  }
}