{
  "pokeapi.co/api/v2/berry-firmness/very-soft" : {
    "transaction" : "pokeapi.co/api/v2/berry-firmness/very-soft",
    "sampleCount" : 167,
    "errorCount" : 0,
    "errorPct" : 0.0,
    "meanResTime" : 26.425149700598798,
    "medianResTime" : 24.0,
    "minResTime" : 21.0,
    "maxResTime" : 92.0,
    "pct1ResTime" : 30.0,
    "pct2ResTime" : 37.599999999999994,
    "pct3ResTime" : 83.15999999999991,
    "throughput" : 2.8022955331073596,
    "receivedKBytesPerSec" : 6.0904962118669665,
    "sentKBytesPerSec" : 0.4871177782159278
  },
  "pokeapi.co/api/v2/berry-flavor/sweet" : {
    "transaction" : "pokeapi.co/api/v2/berry-flavor/sweet",
    "sampleCount" : 166,
    "errorCount" : 0,
    "errorPct" : 0.0,
    "meanResTime" : 25.92771084337349,
    "medianResTime" : 24.0,
    "minResTime" : 21.0,
    "maxResTime" : 57.0,
    "pct1ResTime" : 30.0,
    "pct2ResTime" : 34.650000000000006,
    "pct3ResTime" : 54.99000000000004,
    "throughput" : 2.791698900137903,
    "receivedKBytesPerSec" : 11.234755232333255,
    "sentKBytesPerSec" : 0.4689181746325384
  },
  "pokeapi.co/api/v2/berry/razz" : {
    "transaction" : "pokeapi.co/api/v2/berry/razz",
    "sampleCount" : 167,
    "errorCount" : 0,
    "errorPct" : 0.0,
    "meanResTime" : 30.664670658682642,
    "medianResTime" : 25.0,
    "minResTime" : 21.0,
    "maxResTime" : 145.0,
    "pct1ResTime" : 33.0,
    "pct2ResTime" : 52.0,
    "pct3ResTime" : 143.64,
    "throughput" : 2.797085671216816,
    "receivedKBytesPerSec" : 5.294537334603467,
    "sentKBytesPerSec" : 0.4479707520308182
  },
  "pokeapi.co/api/v2/berry/pinap" : {
    "transaction" : "pokeapi.co/api/v2/berry/pinap",
    "sampleCount" : 167,
    "errorCount" : 0,
    "errorPct" : 0.0,
    "meanResTime" : 31.44311377245511,
    "medianResTime" : 25.0,
    "minResTime" : 21.0,
    "maxResTime" : 152.0,
    "pct1ResTime" : 36.0,
    "pct2ResTime" : 57.799999999999955,
    "pct3ResTime" : 149.27999999999997,
    "throughput" : 2.7969919774900767,
    "receivedKBytesPerSec" : 5.260290617096823,
    "sentKBytesPerSec" : 0.45068718387291273
  },
  "pokeapi.co/api/v2/berry/iapapa" : {
    "transaction" : "pokeapi.co/api/v2/berry/iapapa",
    "sampleCount" : 167,
    "errorCount" : 0,
    "errorPct" : 0.0,
    "meanResTime" : 32.07784431137726,
    "medianResTime" : 25.0,
    "minResTime" : 20.0,
    "maxResTime" : 150.0,
    "pct1ResTime" : 47.20000000000002,
    "pct2ResTime" : 67.59999999999988,
    "pct3ResTime" : 148.64,
    "throughput" : 2.786165935367624,
    "receivedKBytesPerSec" : 5.227058968284423,
    "sentKBytesPerSec" : 0.45166361842873587
  },
  "Total" : {
    "transaction" : "Total",
    "sampleCount" : 1501,
    "errorCount" : 0,
    "errorPct" : 0.0,
    "meanResTime" : 28.092604930046594,
    "medianResTime" : 25.0,
    "minResTime" : 20.0,
    "maxResTime" : 152.0,
    "pct1ResTime" : 33.0,
    "pct2ResTime" : 42.0,
    "pct3ResTime" : 135.0,
    "throughput" : 25.040872843748957,
    "receivedKBytesPerSec" : 69.40234283765973,
    "sentKBytesPerSec" : 4.181483506973407
  },
  "pokeapi.co/api/v2/berry-firmness/hard" : {
    "transaction" : "pokeapi.co/api/v2/berry-firmness/hard",
    "sampleCount" : 167,
    "errorCount" : 0,
    "errorPct" : 0.0,
    "meanResTime" : 26.820359281437124,
    "medianResTime" : 24.0,
    "minResTime" : 21.0,
    "maxResTime" : 92.0,
    "pct1ResTime" : 32.0,
    "pct2ResTime" : 42.79999999999998,
    "pct3ResTime" : 68.19999999999976,
    "throughput" : 2.802389582494295,
    "receivedKBytesPerSec" : 7.1600653978302455,
    "sentKBytesPerSec" : 0.4734505837612431
  },
  "pokeapi.co/api/v2/berry-flavor/spicy" : {
    "transaction" : "pokeapi.co/api/v2/berry-flavor/spicy",
    "sampleCount" : 167,
    "errorCount" : 0,
    "errorPct" : 0.0,
    "meanResTime" : 26.077844311377252,
    "medianResTime" : 25.0,
    "minResTime" : 21.0,
    "maxResTime" : 55.0,
    "pct1ResTime" : 30.200000000000017,
    "pct2ResTime" : 35.599999999999994,
    "pct3ResTime" : 54.31999999999999,
    "throughput" : 2.8022485107811055,
    "receivedKBytesPerSec" : 11.276031834675727,
    "sentKBytesPerSec" : 0.4706901795452639
  },
  "pokeapi.co/api/v2/berry-firmness/super-hard" : {
    "transaction" : "pokeapi.co/api/v2/berry-firmness/super-hard",
    "sampleCount" : 166,
    "errorCount" : 0,
    "errorPct" : 0.0,
    "meanResTime" : 26.957831325301207,
    "medianResTime" : 25.0,
    "minResTime" : 21.0,
    "maxResTime" : 60.0,
    "pct1ResTime" : 34.0,
    "pct2ResTime" : 40.650000000000006,
    "pct3ResTime" : 56.65000000000006,
    "throughput" : 2.7917458502211536,
    "receivedKBytesPerSec" : 6.744901595163216,
    "sentKBytesPerSec" : 0.4880102609273305
  },
  "pokeapi.co/api/v2/berry-flavor/dry" : {
    "transaction" : "pokeapi.co/api/v2/berry-flavor/dry",
    "sampleCount" : 167,
    "errorCount" : 0,
    "errorPct" : 0.0,
    "meanResTime" : 26.419161676646727,
    "medianResTime" : 25.0,
    "minResTime" : 21.0,
    "maxResTime" : 57.0,
    "pct1ResTime" : 32.0,
    "pct2ResTime" : 34.0,
    "pct3ResTime" : 49.519999999999925,
    "throughput" : 2.8022485107811055,
    "receivedKBytesPerSec" : 11.509181113138686,
    "sentKBytesPerSec" : 0.4652170379226445
  }
}