{
  "pokeapi.co/api/v2/berry-firmness/very-soft" : {
    "transaction" : "pokeapi.co/api/v2/berry-firmness/very-soft",
    "sampleCount" : 167,
    "errorCount" : 0,
    "errorPct" : 0.0,
    "meanResTime" : 28.449101796407188,
    "medianResTime" : 25.0,
    "minResTime" : 21.0,
    "maxResTime" : 142.0,
    "pct1ResTime" : 32.0,
    "pct2ResTime" : 50.39999999999995,
    "pct3ResTime" : 112.0799999999997,
    "throughput" : 0.5585826050018229,
    "receivedKBytesPerSec" : 1.213775881481816,
    "sentKBytesPerSec" : 0.0970973668850825
  },
  "pokeapi.co/api/v2/berry-flavor/sweet" : {
    "transaction" : "pokeapi.co/api/v2/berry-flavor/sweet",
    "sampleCount" : 166,
    "errorCount" : 0,
    "errorPct" : 0.0,
    "meanResTime" : 27.771084337349407,
    "medianResTime" : 25.0,
    "minResTime" : 22.0,
    "maxResTime" : 107.0,
    "pct1ResTime" : 32.0,
    "pct2ResTime" : 36.650000000000006,
    "pct3ResTime" : 98.29000000000016,
    "throughput" : 0.5568022111085396,
    "receivedKBytesPerSec" : 2.24025234502618,
    "sentKBytesPerSec" : 0.09352537139713751
  },
  "pokeapi.co/api/v2/berry/razz" : {
    "transaction" : "pokeapi.co/api/v2/berry/razz",
    "sampleCount" : 167,
    "errorCount" : 0,
    "errorPct" : 0.0,
    "meanResTime" : 61.437125748503014,
    "medianResTime" : 48.0,
    "minResTime" : 22.0,
    "maxResTime" : 274.0,
    "pct1ResTime" : 110.20000000000002,
    "pct2ResTime" : 167.0,
    "pct3ResTime" : 216.19999999999942,
    "throughput" : 0.5579518156821212,
    "receivedKBytesPerSec" : 1.05866567347624,
    "sentKBytesPerSec" : 0.08935947048033971
  },
  "pokeapi.co/api/v2/berry/pinap" : {
    "transaction" : "pokeapi.co/api/v2/berry/pinap",
    "sampleCount" : 167,
    "errorCount" : 0,
    "errorPct" : 0.0,
    "meanResTime" : 59.377245508982035,
    "medianResTime" : 48.0,
    "minResTime" : 24.0,
    "maxResTime" : 218.0,
    "pct1ResTime" : 105.20000000000002,
    "pct2ResTime" : 139.19999999999985,
    "pct3ResTime" : 207.7999999999999,
    "throughput" : 0.5589920736932305,
    "receivedKBytesPerSec" : 1.0511435906705227,
    "sentKBytesPerSec" : 0.09007196499939749
  },
  "pokeapi.co/api/v2/berry/iapapa" : {
    "transaction" : "pokeapi.co/api/v2/berry/iapapa",
    "sampleCount" : 167,
    "errorCount" : 0,
    "errorPct" : 0.0,
    "meanResTime" : 55.23353293413172,
    "medianResTime" : 44.0,
    "minResTime" : 21.0,
    "maxResTime" : 206.0,
    "pct1ResTime" : 98.00000000000009,
    "pct2ResTime" : 139.39999999999995,
    "pct3ResTime" : 192.39999999999986,
    "throughput" : 0.5568448570209134,
    "receivedKBytesPerSec" : 1.0449177069995732,
    "sentKBytesPerSec" : 0.09026977174362463
  },
  "Total" : {
    "transaction" : "Total",
    "sampleCount" : 1501,
    "errorCount" : 0,
    "errorPct" : 0.0,
    "meanResTime" : 38.54297135243171,
    "medianResTime" : 28.0,
    "minResTime" : 20.0,
    "maxResTime" : 274.0,
    "pct1ResTime" : 61.799999999999955,
    "pct2ResTime" : 95.0,
    "pct3ResTime" : 168.96000000000004,
    "throughput" : 5.0049182241042995,
    "receivedKBytesPerSec" : 13.875845840766244,
    "sentKBytesPerSec" : 0.8357529363465098
  },
  "pokeapi.co/api/v2/berry-firmness/hard" : {
    "transaction" : "pokeapi.co/api/v2/berry-firmness/hard",
    "sampleCount" : 167,
    "errorCount" : 0,
    "errorPct" : 0.0,
    "meanResTime" : 32.04790419161678,
    "medianResTime" : 26.0,
    "minResTime" : 20.0,
    "maxResTime" : 158.0,
    "pct1ResTime" : 39.400000000000034,
    "pct2ResTime" : 88.79999999999998,
    "pct3ResTime" : 148.4799999999999,
    "throughput" : 0.5582017214005182,
    "receivedKBytesPerSec" : 1.429774980153756,
    "sentKBytesPerSec" : 0.09430556426004846
  },
  "pokeapi.co/api/v2/berry-flavor/spicy" : {
    "transaction" : "pokeapi.co/api/v2/berry-flavor/spicy",
    "sampleCount" : 167,
    "errorCount" : 0,
    "errorPct" : 0.0,
    "meanResTime" : 27.419161676646702,
    "medianResTime" : 26.0,
    "minResTime" : 20.0,
    "maxResTime" : 63.0,
    "pct1ResTime" : 33.0,
    "pct2ResTime" : 38.599999999999994,
    "pct3ResTime" : 58.91999999999996,
    "throughput" : 0.558197989818736,
    "receivedKBytesPerSec" : 2.246070574442554,
    "sentKBytesPerSec" : 0.09375981860236582
  },
  "pokeapi.co/api/v2/berry-firmness/super-hard" : {
    "transaction" : "pokeapi.co/api/v2/berry-firmness/super-hard",
    "sampleCount" : 166,
    "errorCount" : 0,
    "errorPct" : 0.0,
    "meanResTime" : 27.90361445783132,
    "medianResTime" : 25.0,
    "minResTime" : 22.0,
    "maxResTime" : 104.0,
    "pct1ResTime" : 35.0,
    "pct2ResTime" : 40.650000000000006,
    "pct3ResTime" : 90.60000000000025,
    "throughput" : 0.5568339628464278,
    "receivedKBytesPerSec" : 1.34468404913892,
    "sentKBytesPerSec" : 0.09733718686475644
  },
  "pokeapi.co/api/v2/berry-flavor/dry" : {
    "transaction" : "pokeapi.co/api/v2/berry-flavor/dry",
    "sampleCount" : 167,
    "errorCount" : 0,
    "errorPct" : 0.0,
    "meanResTime" : 27.11976047904191,
    "medianResTime" : 26.0,
    "minResTime" : 21.0,
    "maxResTime" : 53.0,
    "pct1ResTime" : 33.0,
    "pct2ResTime" : 35.599999999999994,
    "pct3ResTime" : 52.31999999999999,
    "throughput" : 0.5585545811509569,
    "receivedKBytesPerSec" : 2.293732634011292,
    "sentKBytesPerSec" : 0.09272878788638933
  }
}