{
  "pokeapi.co/api/v2/evolution-trigger/4" : {
    "transaction" : "pokeapi.co/api/v2/evolution-trigger/4",
    "sampleCount" : 168,
    "errorCount" : 0,
    "errorPct" : 0.0,
    "meanResTime" : 25.33333333333334,
    "medianResTime" : 24.0,
    "minResTime" : 20.0,
    "maxResTime" : 44.0,
    "pct1ResTime" : 31.099999999999994,
    "pct2ResTime" : 37.54999999999998,
    "pct3ResTime" : 44.0,
    "throughput" : 2.805470667802214,
    "receivedKBytesPerSec" : 4.246072810730925,
    "sentKBytesPerSec" : 0.47397111868142877
  },
  "pokeapi.co/api/v2/evolution-trigger/8" : {
    "transaction" : "pokeapi.co/api/v2/evolution-trigger/8",
    "sampleCount" : 167,
    "errorCount" : 0,
    "errorPct" : 0.0,
    "meanResTime" : 25.670658682634734,
    "medianResTime" : 24.0,
    "minResTime" : 20.0,
    "maxResTime" : 60.0,
    "pct1ResTime" : 30.200000000000017,
    "pct2ResTime" : 43.0,
    "pct3ResTime" : 58.639999999999986,
    "throughput" : 2.7887714376367247,
    "receivedKBytesPerSec" : 3.711615906225473,
    "sentKBytesPerSec" : 0.4711498620226107
  },
  "pokeapi.co/api/v2/evolution-trigger/6" : {
    "transaction" : "pokeapi.co/api/v2/evolution-trigger/6",
    "sampleCount" : 167,
    "errorCount" : 0,
    "errorPct" : 0.0,
    "meanResTime" : 25.005988023952092,
    "medianResTime" : 23.0,
    "minResTime" : 21.0,
    "maxResTime" : 58.0,
    "pct1ResTime" : 29.0,
    "pct2ResTime" : 34.599999999999994,
    "pct3ResTime" : 58.0,
    "throughput" : 2.792735542994749,
    "receivedKBytesPerSec" : 3.6994992516472123,
    "sentKBytesPerSec" : 0.47181957904110505
  },
  "Total" : {
    "transaction" : "Total",
    "sampleCount" : 1004,
    "errorCount" : 0,
    "errorPct" : 0.0,
    "meanResTime" : 27.381474103585667,
    "medianResTime" : 24.0,
    "minResTime" : 20.0,
    "maxResTime" : 129.0,
    "pct1ResTime" : 34.0,
    "pct2ResTime" : 44.0,
    "pct3ResTime" : 95.95000000000005,
    "throughput" : 16.740308461859108,
    "receivedKBytesPerSec" : 31.103649958315966,
    "sentKBytesPerSec" : 2.811848686952897
  },
  "pokeapi.co/api/v2/evolution-chain/7" : {
    "transaction" : "pokeapi.co/api/v2/evolution-chain/7",
    "sampleCount" : 167,
    "errorCount" : 0,
    "errorPct" : 0.0,
    "meanResTime" : 28.652694610778436,
    "medianResTime" : 25.0,
    "minResTime" : 21.0,
    "maxResTime" : 107.0,
    "pct1ResTime" : 36.0,
    "pct2ResTime" : 45.19999999999999,
    "pct3ResTime" : 103.59999999999997,
    "throughput" : 2.785561782759541,
    "receivedKBytesPerSec" : 6.209036239408193,
    "sentKBytesPerSec" : 0.46516705551941556
  },
  "pokeapi.co/api/v2/evolution-chain/5" : {
    "transaction" : "pokeapi.co/api/v2/evolution-chain/5",
    "sampleCount" : 167,
    "errorCount" : 0,
    "errorPct" : 0.0,
    "meanResTime" : 29.431137724550894,
    "medianResTime" : 24.0,
    "minResTime" : 21.0,
    "maxResTime" : 105.0,
    "pct1ResTime" : 38.60000000000005,
    "pct2ResTime" : 58.39999999999995,
    "pct3ResTime" : 102.27999999999997,
    "throughput" : 2.7897497577762187,
    "receivedKBytesPerSec" : 6.643780043057365,
    "sentKBytesPerSec" : 0.46586641462864586
  },
  "pokeapi.co/api/v2/evolution-chain/3" : {
    "transaction" : "pokeapi.co/api/v2/evolution-chain/3",
    "sampleCount" : 168,
    "errorCount" : 0,
    "errorPct" : 0.0,
    "meanResTime" : 30.190476190476183,
    "medianResTime" : 25.0,
    "minResTime" : 20.0,
    "maxResTime" : 129.0,
    "pct1ResTime" : 41.0,
    "pct2ResTime" : 55.19999999999993,
    "pct3ResTime" : 111.75000000000006,
    "throughput" : 2.8021950527913533,
    "receivedKBytesPerSec" : 6.6341029639884574,
    "sentKBytesPerSec" : 0.467944681667306
  }
}