{
  "pokeapi.co/api/v2/encounter-condition-value/21" : {
    "transaction" : "pokeapi.co/api/v2/encounter-condition-value/21",
    "sampleCount" : 1612,
    "errorCount" : 175,
    "errorPct" : 10.856079,
    "meanResTime" : 105.63585607940445,
    "medianResTime" : 23.0,
    "minResTime" : 0.0,
    "maxResTime" : 56948.0,
    "pct1ResTime" : 31.0,
    "pct2ResTime" : 39.0,
    "pct3ResTime" : 54.0,
    "throughput" : 5.275870420433197,
    "receivedKBytesPerSec" : 7.904134036809998,
    "sentKBytesPerSec" : 0.8359056917706895
  },
  "pokeapi.co/api/v2/encounter-condition/13" : {
    "transaction" : "pokeapi.co/api/v2/encounter-condition/13",
    "sampleCount" : 1610,
    "errorCount" : 172,
    "errorPct" : 10.683229,
    "meanResTime" : 35.59006211180123,
    "medianResTime" : 23.0,
    "minResTime" : 0.0,
    "maxResTime" : 9675.0,
    "pct1ResTime" : 32.0,
    "pct2ResTime" : 40.44999999999982,
    "pct3ResTime" : 67.88999999999987,
    "throughput" : 5.373939397985273,
    "receivedKBytesPerSec" : 7.24029984120176,
    "sentKBytesPerSec" : 0.8249706269150918
  },
  "pokeapi.co/api/v2/encounter-condition-value/22" : {
    "transaction" : "pokeapi.co/api/v2/encounter-condition-value/22",
    "sampleCount" : 1612,
    "errorCount" : 180,
    "errorPct" : 11.166253,
    "meanResTime" : 40.81885856079403,
    "medianResTime" : 23.0,
    "minResTime" : 0.0,
    "maxResTime" : 19189.0,
    "pct1ResTime" : 31.0,
    "pct2ResTime" : 38.0,
    "pct3ResTime" : 53.0,
    "throughput" : 5.377097301444344,
    "receivedKBytesPerSec" : 8.047876351988057,
    "sentKBytesPerSec" : 0.8489797024583875
  },
  "Total" : {
    "transaction" : "Total",
    "sampleCount" : 14504,
    "errorCount" : 1577,
    "errorPct" : 10.872863,
    "meanResTime" : 123.60038610038609,
    "medianResTime" : 23.0,
    "minResTime" : 0.0,
    "maxResTime" : 61554.0,
    "pct1ResTime" : 33.0,
    "pct2ResTime" : 46.0,
    "pct3ResTime" : 114.0,
    "throughput" : 47.39574993709541,
    "receivedKBytesPerSec" : 75.21598498071198,
    "sentKBytesPerSec" : 7.287863202529908
  },
  "pokeapi.co/api/v2/encounter-condition-value/23" : {
    "transaction" : "pokeapi.co/api/v2/encounter-condition-value/23",
    "sampleCount" : 1610,
    "errorCount" : 172,
    "errorPct" : 10.683229,
    "meanResTime" : 97.1937888198758,
    "medianResTime" : 23.0,
    "minResTime" : 0.0,
    "maxResTime" : 57307.0,
    "pct1ResTime" : 31.0,
    "pct2ResTime" : 38.44999999999982,
    "pct3ResTime" : 54.88999999999987,
    "throughput" : 5.263157894736842,
    "receivedKBytesPerSec" : 7.867301150294215,
    "sentKBytesPerSec" : 0.835508438215103
  },
  "pokeapi.co/api/v2/encounter-condition/11" : {
    "transaction" : "pokeapi.co/api/v2/encounter-condition/11",
    "sampleCount" : 1612,
    "errorCount" : 174,
    "errorPct" : 10.7940445,
    "meanResTime" : 62.06017369727045,
    "medianResTime" : 23.0,
    "minResTime" : 0.0,
    "maxResTime" : 47680.0,
    "pct1ResTime" : 31.0,
    "pct2ResTime" : 38.0,
    "pct3ResTime" : 55.0,
    "throughput" : 5.377258732207845,
    "receivedKBytesPerSec" : 10.498428827002044,
    "sentKBytesPerSec" : 0.8244560195609462
  },
  "pokeapi.co/api/v2/encounter-condition/12" : {
    "transaction" : "pokeapi.co/api/v2/encounter-condition/12",
    "sampleCount" : 1612,
    "errorCount" : 179,
    "errorPct" : 11.1042185,
    "meanResTime" : 55.72394540942929,
    "medianResTime" : 23.0,
    "minResTime" : 0.0,
    "maxResTime" : 24387.0,
    "pct1ResTime" : 30.0,
    "pct2ResTime" : 38.0,
    "pct3ResTime" : 58.73999999999978,
    "throughput" : 5.377169047253707,
    "receivedKBytesPerSec" : 9.695627151534762,
    "sentKBytesPerSec" : 0.8215756406236449
  },
  "pokeapi.co/api/v2/encounter-method/1" : {
    "transaction" : "pokeapi.co/api/v2/encounter-method/1",
    "sampleCount" : 1612,
    "errorCount" : 174,
    "errorPct" : 10.7940445,
    "meanResTime" : 212.33188585607962,
    "medianResTime" : 24.0,
    "minResTime" : 0.0,
    "maxResTime" : 19229.0,
    "pct1ResTime" : 43.0,
    "pct2ResTime" : 74.0,
    "pct3ResTime" : 8980.58999999948,
    "throughput" : 5.376397880125005,
    "receivedKBytesPerSec" : 8.377389044046772,
    "sentKBytesPerSec" : 0.8055893942880775
  },
  "pokeapi.co/api/v2/encounter-method/3" : {
    "transaction" : "pokeapi.co/api/v2/encounter-method/3",
    "sampleCount" : 1612,
    "errorCount" : 173,
    "errorPct" : 10.73201,
    "meanResTime" : 269.065136476427,
    "medianResTime" : 24.0,
    "minResTime" : 0.0,
    "maxResTime" : 61554.0,
    "pct1ResTime" : 43.700000000000045,
    "pct2ResTime" : 77.0,
    "pct3ResTime" : 9648.139999999998,
    "throughput" : 5.276751197252947,
    "receivedKBytesPerSec" : 8.425850464907313,
    "sentKBytesPerSec" : 0.7912083539285937
  },
  "pokeapi.co/api/v2/encounter-method/2" : {
    "transaction" : "pokeapi.co/api/v2/encounter-method/2",
    "sampleCount" : 1612,
    "errorCount" : 178,
    "errorPct" : 11.042184,
    "meanResTime" : 233.841811414392,
    "medianResTime" : 24.0,
    "minResTime" : 0.0,
    "maxResTime" : 19296.0,
    "pct1ResTime" : 44.0,
    "pct2ResTime" : 76.0,
    "pct3ResTime" : 9639.849999999995,
    "throughput" : 5.376469607270908,
    "receivedKBytesPerSec" : 8.252802415992663,
    "sentKBytesPerSec" : 0.8033592512298842
  }
}