{
  "pokeapi.co/api/v2/evolution-trigger/4" : {
    "transaction" : "pokeapi.co/api/v2/evolution-trigger/4",
    "sampleCount" : 1660,
    "errorCount" : 177,
    "errorPct" : 10.662651,
    "meanResTime" : 33.71626506024094,
    "medianResTime" : 23.0,
    "minResTime" : 0.0,
    "maxResTime" : 14205.0,
    "pct1ResTime" : 34.0,
    "pct2ResTime" : 42.0,
    "pct3ResTime" : 84.18999999999733,
    "throughput" : 5.5375603377244635,
    "receivedKBytesPerSec" : 8.87313057821637,
    "sentKBytesPerSec" : 0.8357909819078563
  },
  "pokeapi.co/api/v2/evolution-trigger/8" : {
    "transaction" : "pokeapi.co/api/v2/evolution-trigger/8",
    "sampleCount" : 1659,
    "errorCount" : 174,
    "errorPct" : 10.488246,
    "meanResTime" : 55.07775768535264,
    "medianResTime" : 23.0,
    "minResTime" : 0.0,
    "maxResTime" : 19216.0,
    "pct1ResTime" : 34.0,
    "pct2ResTime" : 44.0,
    "pct3ResTime" : 83.20000000000027,
    "throughput" : 5.533375358968971,
    "receivedKBytesPerSec" : 7.95767970545366,
    "sentKBytesPerSec" : 0.8367897386155555
  },
  "pokeapi.co/api/v2/evolution-trigger/6" : {
    "transaction" : "pokeapi.co/api/v2/evolution-trigger/6",
    "sampleCount" : 1659,
    "errorCount" : 180,
    "errorPct" : 10.84991,
    "meanResTime" : 47.85051235684146,
    "medianResTime" : 23.0,
    "minResTime" : 0.0,
    "maxResTime" : 19216.0,
    "pct1ResTime" : 33.0,
    "pct2ResTime" : 42.0,
    "pct3ResTime" : 83.60000000000218,
    "throughput" : 5.535720244252395,
    "receivedKBytesPerSec" : 7.945811583427876,
    "sentKBytesPerSec" : 0.8337619446344556
  },
  "Total" : {
    "transaction" : "Total",
    "sampleCount" : 9957,
    "errorCount" : 1059,
    "errorPct" : 10.635734,
    "meanResTime" : 131.6354323591445,
    "medianResTime" : 24.0,
    "minResTime" : 0.0,
    "maxResTime" : 23632.0,
    "pct1ResTime" : 39.0,
    "pct2ResTime" : 54.0,
    "pct3ResTime" : 224.36000000000058,
    "throughput" : 33.1865707210255,
    "receivedKBytesPerSec" : 63.44747045409474,
    "sentKBytesPerSec" : 4.981425356879789
  },
  "pokeapi.co/api/v2/evolution-chain/7" : {
    "transaction" : "pokeapi.co/api/v2/evolution-chain/7",
    "sampleCount" : 1659,
    "errorCount" : 173,
    "errorPct" : 10.427969,
    "meanResTime" : 216.84086799276682,
    "medianResTime" : 24.0,
    "minResTime" : 0.0,
    "maxResTime" : 19244.0,
    "pct1ResTime" : 47.0,
    "pct2ResTime" : 77.0,
    "pct3ResTime" : 11613.200000000446,
    "throughput" : 5.53103245939242,
    "receivedKBytesPerSec" : 12.432017908968007,
    "sentKBytesPerSec" : 0.8273224022650895
  },
  "pokeapi.co/api/v2/evolution-chain/5" : {
    "transaction" : "pokeapi.co/api/v2/evolution-chain/5",
    "sampleCount" : 1660,
    "errorCount" : 178,
    "errorPct" : 10.722892,
    "meanResTime" : 193.6722891566265,
    "medianResTime" : 24.0,
    "minResTime" : 0.0,
    "maxResTime" : 19239.0,
    "pct1ResTime" : 46.0,
    "pct2ResTime" : 76.94999999999982,
    "pct3ResTime" : 459.4999999999809,
    "throughput" : 5.532780055327801,
    "receivedKBytesPerSec" : 13.178730955029499,
    "sentKBytesPerSec" : 0.8248589203579643
  },
  "pokeapi.co/api/v2/evolution-chain/3" : {
    "transaction" : "pokeapi.co/api/v2/evolution-chain/3",
    "sampleCount" : 1660,
    "errorCount" : 177,
    "errorPct" : 10.662651,
    "meanResTime" : 242.6096385542166,
    "medianResTime" : 24.0,
    "minResTime" : 0.0,
    "maxResTime" : 23632.0,
    "pct1ResTime" : 47.0,
    "pct2ResTime" : 79.0,
    "pct3ResTime" : 19173.78,
    "throughput" : 5.535196849606034,
    "receivedKBytesPerSec" : 13.091904352590372,
    "sentKBytesPerSec" : 0.8257760581479098
  }
}