{
  "pokeapi.co/api/v2/encounter-condition-value/21" : {
    "transaction" : "pokeapi.co/api/v2/encounter-condition-value/21",
    "sampleCount" : 167,
    "errorCount" : 0,
    "errorPct" : 0.0,
    "meanResTime" : 26.305389221556887,
    "medianResTime" : 24.0,
    "minResTime" : 20.0,
    "maxResTime" : 58.0,
    "pct1ResTime" : 34.0,
    "pct2ResTime" : 43.19999999999999,
    "pct3ResTime" : 56.639999999999986,
    "throughput" : 2.793529716799652,
    "receivedKBytesPerSec" : 3.943560663086934,
    "sentKBytesPerSec" : 0.49650625825931316
  },
  "pokeapi.co/api/v2/encounter-condition/13" : {
    "transaction" : "pokeapi.co/api/v2/encounter-condition/13",
    "sampleCount" : 167,
    "errorCount" : 0,
    "errorPct" : 0.0,
    "meanResTime" : 27.520958083832333,
    "medianResTime" : 25.0,
    "minResTime" : 20.0,
    "maxResTime" : 75.0,
    "pct1ResTime" : 37.20000000000002,
    "pct2ResTime" : 42.19999999999999,
    "pct3ResTime" : 66.83999999999992,
    "throughput" : 2.7880730575311365,
    "receivedKBytesPerSec" : 3.4714124689054726,
    "sentKBytesPerSec" : 0.479200056763164
  },
  "pokeapi.co/api/v2/encounter-condition-value/22" : {
    "transaction" : "pokeapi.co/api/v2/encounter-condition-value/22",
    "sampleCount" : 167,
    "errorCount" : 0,
    "errorPct" : 0.0,
    "meanResTime" : 25.69461077844311,
    "medianResTime" : 23.0,
    "minResTime" : 20.0,
    "maxResTime" : 52.0,
    "pct1ResTime" : 31.0,
    "pct2ResTime" : 37.599999999999994,
    "pct3ResTime" : 52.0,
    "throughput" : 2.7926421404682276,
    "receivedKBytesPerSec" : 3.9202615489130435,
    "sentKBytesPerSec" : 0.49634850543478265
  },
  "Total" : {
    "transaction" : "Total",
    "sampleCount" : 1503,
    "errorCount" : 0,
    "errorPct" : 0.0,
    "meanResTime" : 27.42115768463073,
    "medianResTime" : 24.0,
    "minResTime" : 20.0,
    "maxResTime" : 108.0,
    "pct1ResTime" : 35.0,
    "pct2ResTime" : 44.0,
    "pct3ResTime" : 79.92000000000007,
    "throughput" : 25.0445736757036,
    "receivedKBytesPerSec" : 37.78177163177145,
    "sentKBytesPerSec" : 4.320841161498342
  },
  "pokeapi.co/api/v2/encounter-condition-value/23" : {
    "transaction" : "pokeapi.co/api/v2/encounter-condition-value/23",
    "sampleCount" : 167,
    "errorCount" : 0,
    "errorPct" : 0.0,
    "meanResTime" : 26.02994011976048,
    "medianResTime" : 24.0,
    "minResTime" : 21.0,
    "maxResTime" : 62.0,
    "pct1ResTime" : 33.0,
    "pct2ResTime" : 39.599999999999994,
    "pct3ResTime" : 57.91999999999996,
    "throughput" : 2.7879334234820785,
    "receivedKBytesPerSec" : 3.9314543475901904,
    "sentKBytesPerSec" : 0.49551160456419757
  },
  "pokeapi.co/api/v2/encounter-condition/11" : {
    "transaction" : "pokeapi.co/api/v2/encounter-condition/11",
    "sampleCount" : 167,
    "errorCount" : 0,
    "errorPct" : 0.0,
    "meanResTime" : 25.89221556886228,
    "medianResTime" : 24.0,
    "minResTime" : 21.0,
    "maxResTime" : 55.0,
    "pct1ResTime" : 33.0,
    "pct2ResTime" : 37.19999999999999,
    "pct3ResTime" : 52.95999999999998,
    "throughput" : 2.793155931693121,
    "receivedKBytesPerSec" : 5.367345216093261,
    "sentKBytesPerSec" : 0.4800736757597551
  },
  "pokeapi.co/api/v2/encounter-condition/12" : {
    "transaction" : "pokeapi.co/api/v2/encounter-condition/12",
    "sampleCount" : 167,
    "errorCount" : 0,
    "errorPct" : 0.0,
    "meanResTime" : 26.347305389221553,
    "medianResTime" : 24.0,
    "minResTime" : 20.0,
    "maxResTime" : 57.0,
    "pct1ResTime" : 34.0,
    "pct2ResTime" : 40.19999999999999,
    "pct3ResTime" : 51.559999999999945,
    "throughput" : 2.7927822466010004,
    "receivedKBytesPerSec" : 4.882747174816463,
    "sentKBytesPerSec" : 0.4800094486345469
  },
  "pokeapi.co/api/v2/encounter-method/1" : {
    "transaction" : "pokeapi.co/api/v2/encounter-method/1",
    "sampleCount" : 167,
    "errorCount" : 0,
    "errorPct" : 0.0,
    "meanResTime" : 29.90419161676648,
    "medianResTime" : 25.0,
    "minResTime" : 21.0,
    "maxResTime" : 106.0,
    "pct1ResTime" : 44.0,
    "pct2ResTime" : 62.79999999999998,
    "pct3ResTime" : 93.75999999999988,
    "throughput" : 2.7973199329983247,
    "receivedKBytesPerSec" : 4.12704800041876,
    "sentKBytesPerSec" : 0.4698623324958124
  },
  "pokeapi.co/api/v2/encounter-method/3" : {
    "transaction" : "pokeapi.co/api/v2/encounter-method/3",
    "sampleCount" : 167,
    "errorCount" : 0,
    "errorPct" : 0.0,
    "meanResTime" : 28.922155688622748,
    "medianResTime" : 25.0,
    "minResTime" : 20.0,
    "maxResTime" : 108.0,
    "pct1ResTime" : 35.0,
    "pct2ResTime" : 56.599999999999994,
    "pct3ResTime" : 105.27999999999997,
    "throughput" : 2.785561782759541,
    "receivedKBytesPerSec" : 4.229865011801108,
    "sentKBytesPerSec" : 0.4678873306978917
  },
  "pokeapi.co/api/v2/encounter-method/2" : {
    "transaction" : "pokeapi.co/api/v2/encounter-method/2",
    "sampleCount" : 167,
    "errorCount" : 0,
    "errorPct" : 0.0,
    "meanResTime" : 30.173652694610787,
    "medianResTime" : 25.0,
    "minResTime" : 21.0,
    "maxResTime" : 108.0,
    "pct1ResTime" : 43.0,
    "pct2ResTime" : 53.0,
    "pct3ResTime" : 105.95999999999998,
    "throughput" : 2.7904489782278143,
    "receivedKBytesPerSec" : 4.025793116196301,
    "sentKBytesPerSec" : 0.46870822681170315
  }
}